[
  {
    "Employee_Name": "Tarun",
    "Firm_Name": "facefacts",
    "Anger": 0.00000117,
    "Happiness": 0.00000177,
    "Neutral": 1.06e-7,
    "Sadness": 0.000108681,
    "Surprise": 0.999155,
    "scores__highest": 0.999155
  },
  {
    "Employee_Name": "Apoorva",
    "Firm_Name": "facefacts",
    "Anger": 0.0207339,
    "Happiness": 0.358614,
    "Neutral": 0.617657,
    "Sadness": 0.000134959,
    "Surprise": 0.0000142,
    "scores__highest": 0.617657
  },
  {
    "Employee_Name": "Vaishali",
    "Firm_Name": "facefacts",
    "Anger": 0.0176056,
    "Happiness": 0.979174,
    "Neutral": 0.000005,
    "Sadness": 0.000152487,
    "Surprise": 0.0000444,
    "scores__highest": 0.979174
  },
  {
    "Employee_Name": "Ibnul",
    "Firm_Name": "facefacts",
    "Anger": 0.00276395,
    "Happiness": 0.57168,
    "Neutral": 0.422962,
    "Sadness": 0.0000865,
    "Surprise": 0.0000144,
    "scores__highest": 0.57168
  },
  {
    "Employee_Name": "Ankit",
    "Firm_Name": "facefacts",
    "Anger": 0.00000178,
    "Happiness": 0.0681905,
    "Neutral": 0.927575,
    "Sadness": 0.0000294,
    "Surprise": 0.00000153,
    "scores__highest": 0.927575
  }
]