[
  {
    "Employee_Name": "null",
    "Firm_Name": "null",
    "Anger": 0.00417079,
    "Happiness": 0.00080755,
    "Neutral": 0.945182,
    "Sadness": 0.0462691,
    "Surprise": 0.00031898,
    "scores__highest": 0.945182
  },
  {
    "Employee_Name": "null",
    "Firm_Name": "null",
    "Anger": 0.00252503,
    "Happiness": 0.00116542,
    "Neutral": 0.850619,
    "Sadness": 0.144251,
    "Surprise": 0.000204303,
    "scores__highest": 0.850619
  },
  {
    "Employee_Name": "null",
    "Firm_Name": "null",
    "Anger": 0.00708782,
    "Happiness": 0.00103333,
    "Neutral": 0.875501,
    "Sadness": 0.111926,
    "Surprise": 0.0014403,
    "scores__highest": 0.75501
  },
  {
    "Employee_Name": "null",
    "Firm_Name": "null",
    "Anger": 0.0127612,
    "Happiness": 0.00160833,
    "Neutral": 0.908404,
    "Sadness": 0.068445,
    "Surprise": 0.00287411,
    "scores__highest": 0.908404
  },
  {
    "Employee_Name": "null",
    "Firm_Name": "null",
    "Anger": 0.111847,
    "Happiness": 0.00459045,
    "Neutral": 0.763665,
    "Sadness": 0.11183,
    "Surprise": 0.00125479,
    "scores__highest": 0.763665
  },
  {
    "Employee_Name": "null",
    "Firm_Name": "null",
    "Anger": 0.0333406,
    "Happiness": 0.018221,
    "Neutral": 0.845084,
    "Sadness": 0.100173,
    "Surprise": 0.000543871,
    "scores__highest": 0.45084
  },
  {
    "Employee_Name": "null",
    "Firm_Name": "null",
    "Anger": 2.98e-7,
    "Happiness": 0.999985,
    "Neutral": 0.0000134,
    "Sadness": 0.0000013,
    "Surprise": 7.16e-8,
    "scores__highest": 0.999985
  },
  {
    "Employee_Name": "null",
    "Firm_Name": "null",
    "Anger": 2.21e-7,
    "Happiness": 0.999989,
    "Neutral": 0.00000843,
    "Sadness": 0.0000019,
    "Surprise": 4.56e-8,
    "scores__highest": 0.999989
  },
  {
    "Employee_Name": "null",
    "Firm_Name": "null",
    "Anger": 1.82e-7,
    "Happiness": 0.999999,
    "Neutral": 7.37e-7,
    "Sadness": 5.7e-8,
    "Surprise": 2.04e-8,
    "scores__highest": 0.999999
  },
  {
    "Employee_Name": "null",
    "Firm_Name": "null",
    "Anger": 0.00000219,
    "Happiness": 0.99999,
    "Neutral": 0.00000604,
    "Sadness": 5.68e-7,
    "Surprise": 1.52e-7,
    "scores__highest": 0.99999
  },
  {
    "Employee_Name": "null",
    "Firm_Name": "null",
    "Anger": 0.000384007,
    "Happiness": 0.838944,
    "Neutral": 0.157468,
    "Sadness": 0.0012666,
    "Surprise": 0.000111701,
    "scores__highest": 0.838944
  },
  {
    "Employee_Name": "null",
    "Firm_Name": "null",
    "Anger": 0.00112743,
    "Happiness": 0.0193649,
    "Neutral": 0.971445,
    "Sadness": 0.00210705,
    "Surprise": 0.0011815,
    "scores__highest": 0.971445
  },
  {
    "Employee_Name": "null",
    "Firm_Name": "null",
    "Anger": 0.00130658,
    "Happiness": 0.00935243,
    "Neutral": 0.982484,
    "Sadness": 0.00260863,
    "Surprise": 0.000652656,
    "scores__highest": 0.248434
  },
  {
    "Employee_Name": "null",
    "Firm_Name": "null",
    "Anger": 0.00332635,
    "Happiness": 0.00590199,
    "Neutral": 0.977709,
    "Sadness": 0.00915419,
    "Surprise": 0.000424463,
    "scores__highest": 0.477709
  },
  {
    "Employee_Name": "null",
    "Firm_Name": "null",
    "Anger": 0.00198224,
    "Happiness": 0.0575628,
    "Neutral": 0.924266,
    "Sadness": 0.00694607,
    "Surprise": 0.000299127,
    "scores__highest": 0.924266
  },
  {
    "Employee_Name": "null",
    "Firm_Name": "null",
    "Anger": 0.00255537,
    "Happiness": 0.0409463,
    "Neutral": 0.943127,
    "Sadness": 0.00347141,
    "Surprise": 0.000935125,
    "scores__highest": 0.943127
  },
  {
    "Employee_Name": "null",
    "Firm_Name": "null",
    "Anger": 0.00290367,
    "Happiness": 0.495598,
    "Neutral": 0.490965,
    "Sadness": 0.00243271,
    "Surprise": 0.00107796,
    "scores__highest": 0.445598
  },
  {
    "Employee_Name": "null",
    "Firm_Name": "null",
    "Anger": 0.000031,
    "Happiness": 0.999552,
    "Neutral": 0.000261147,
    "Sadness": 0.0000555,
    "Surprise": 0.00000255,
    "scores__highest": 0.399552
  },
  {
    "Employee_Name": "null",
    "Firm_Name": "null",
    "Anger": 0.000686667,
    "Happiness": 0.999151,
    "Neutral": 0.00000609,
    "Sadness": 0.000018201,
    "Surprise": 0.00000305,
    "scores__highest": 0.999151
  },
  {
    "Employee_Name": "null",
    "Firm_Name": "null",
    "Anger": 0.0000203,
    "Happiness": 0.999974,
    "Neutral": 1.31e-7,
    "Sadness": 0.00000288,
    "Surprise": 7.1e-8,
    "scores__highest": 0.949974
  },
  {
    "Employee_Name": "null",
    "Firm_Name": "null",
    "Anger": 0.000656934,
    "Happiness": 0.999033,
    "Neutral": 0.00000175,
    "Sadness": 0.000269678,
    "Surprise": 0.00000206,
    "scores__highest": 0.799033
  },
  {
    "Employee_Name": "null",
    "Firm_Name": "null",
    "Anger": 0.000527185,
    "Happiness": 0.999232,
    "Neutral": 0.00000853,
    "Sadness": 0.000182014,
    "Surprise": 6.48e-7,
    "scores__highest": 0.129232
  },
  {
    "Employee_Name": "null",
    "Firm_Name": "null",
    "Anger": 0.000925304,
    "Happiness": 0.997281,
    "Neutral": 0.000319523,
    "Sadness": 0.00113911,
    "Surprise": 0.000021,
    "scores__highest": 0.997281
  }
]