[
  {
    "Employee_Name": "Tarun Sudhams",
    "Firm_Name": "facefacts",
    "Anger": 0.00000117435,
    "Happiness": 0.00000177119,
    "Neutral": 0.999155,
    "Sadness": 0.000108681,
    "Surprise": 1.05993e-7,
    "scores__highest": 0.999155
  },
  {
    "Employee_Name": "Tarun Sudhams",
    "Firm_Name": "facefacts",
    "Anger": 0.0207339,
    "Happiness": 0.358614,
    "Neutral": 0.617657,
    "Sadness": 0.000134959,
    "Surprise": 0.0000142199,
    "scores__highest": 0.617657
  },
  {
    "Employee_Name": "Tarun Sudhams",
    "Firm_Name": "facefacts",
    "Anger": 0.0176056,
    "Happiness": 0.979174,
    "Neutral": 0.00000499774,
    "Sadness": 0.000152487,
    "Surprise": 0.0000443868,
    "scores__highest": 0.979174
  },
  {
    "Employee_Name": "Tarun Sudhams",
    "Firm_Name": "facefacts",
    "Anger": 0.00276395,
    "Happiness": 0.57168,
    "Neutral": 0.422962,
    "Sadness": 0.0000865487,
    "Surprise": 0.0000143804,
    "scores__highest": 0.57168
  },
  {
    "Employee_Name": "Tarun Sudhams",
    "Firm_Name": "facefacts",
    "Anger": 0.00000177512,
    "Happiness": 0.0681905,
    "Neutral": 0.927575,
    "Sadness": 0.0000294324,
    "Surprise": 0.00000152736,
    "scores__highest": 0.927575
  },
  {
    "Employee_Name": "Tarun Sudhams",
    "Firm_Name": "facefacts",
    "Anger": 0.00000932444,
    "Happiness": 0.158056,
    "Neutral": 0.830164,
    "Sadness": 0.000104047,
    "Surprise": 0.00000430826,
    "scores__highest": 0.830164
  },
  {
    "Employee_Name": "Tarun Sudhams",
    "Firm_Name": "facefacts",
    "Anger": 0.0000136573,
    "Happiness": 0.0550785,
    "Neutral": 0.934976,
    "Sadness": 0.000151038,
    "Surprise": 0.00000668133,
    "scores__highest": 0.934976
  },
  {
    "Employee_Name": "Tarun Sudhams",
    "Firm_Name": "facefacts",
    "Anger": 0.0000207446,
    "Happiness": 0.0268348,
    "Neutral": 0.962129,
    "Sadness": 0.000285604,
    "Surprise": 0.00000672441,
    "scores__highest": 0.962129
  },
  {
    "Employee_Name": "Tarun Sudhams",
    "Firm_Name": "facefacts",
    "Anger": 0.00026712,
    "Happiness": 0.736281,
    "Neutral": 0.259958,
    "Sadness": 0.000102553,
    "Surprise": 0.00000352754,
    "scores__highest": 0.736281
  },
  {
    "Employee_Name": "Tarun Sudhams",
    "Firm_Name": "facefacts",
    "Anger": 0.000289236,
    "Happiness": 0.666784,
    "Neutral": 0.332409,
    "Sadness": 0.0000397668,
    "Surprise": 0.00000267169,
    "scores__highest": 0.666784
  },
  {
    "Employee_Name": "Tarun Sudhams",
    "Firm_Name": "facefacts",
    "Anger": 0.00000353053,
    "Happiness": 0.000879624,
    "Neutral": 0.995885,
    "Sadness": 0.000405159,
    "Surprise": 0.00000177483,
    "scores__highest": 0.995885
  },
  {
    "Employee_Name": "Tarun Sudhams",
    "Firm_Name": "facefacts",
    "Anger": 3.69356e-7,
    "Happiness": 0.000835129,
    "Neutral": 0.998856,
    "Sadness": 0.00000944021,
    "Surprise": 3.18748e-7,
    "scores__highest": 0.998856
  }
]